"","x"
"1","C1_AGAACCTCAGTGTGGA-1"
"2","C1_AGATCCATCCAACCGG-1"
"3","C1_AGATGAACAGCAGTCC-1"
"4","C1_CAACGGCAGCCTCAAT-1"
"5","C1_CACTTCGTCCTAGCCT-1"
"6","C1_CCTGCATTCCATCTAT-1"
"7","C1_GACCAATTCTCGGTCT-1"
"8","C1_GCGATCGGTGGATACG-1"
"9","C1_GGTTCTCAGTATGAAC-1"
"10","C1_TCCATGCTCATGTCTT-1"
"11","D1_AAAGTGAGTTAAACCC-1"
"12","D1_AATAGAGGTAGTCCTA-1"
"13","D1_AATGACCGTTAATGAG-1"
"14","D1_ACAGAAATCGTCACCT-1"
"15","D1_ACATGCAAGGGTGAGG-1"
"16","D1_ACGTAGTAGGGAGTTC-1"
"17","D1_ACTCTCGGTATCGCTA-1"
"18","D1_AGAAGCGCAATTCGTG-1"
"19","D1_AGACACTTCTGAGGTT-1"
"20","D1_AGCGCTGGTTATCCAG-1"
"21","D1_ATTCCCGCAGGCAATG-1"
"22","D1_ATTCCTAGTCATCACA-1"
"23","D1_ATTTACCTCTGTGCTC-1"
"24","D1_CATGAGTAGCGATCGA-1"
"25","D1_CATTGTTAGTAGGTTA-1"
"26","D1_CCACGTTGTCTATGAC-1"
"27","D1_CCACTTGTCTCGCAGG-1"
"28","D1_CCTAAGAGTCTGCCTT-1"
"29","D1_CCTTGTGTCGTGCATA-1"
"30","D1_CGACAGCTCACGATCA-1"
"31","D1_CGTTAGACACCGCTAG-1"
"32","D1_CTCAGAATCGTGGGTC-1"
"33","D1_CTGATCCCAGAAACCG-1"
"34","D1_CTGTGGGGTTAAAGTG-1"
"35","D1_GAATCACAGGATGAGA-1"
"36","D1_GACAGCCCAATAAGGT-1"
"37","D1_GAGTGAGCACTAGAGG-1"
"38","D1_GATAGAAAGGGCAACT-1"
"39","D1_GCAGCCAGTGCAACAG-1"
"40","D1_GGAATGGAGATCCTAC-1"
"41","D1_GGGACAAAGAGGTTTA-1"
"42","D1_GGGACAACAGGCGAAT-1"
"43","D1_GGGACCTGTACGGATG-1"
"44","D1_GGTAACTAGGGCAAGG-1"
"45","D1_GTCGTAAAGTCTCTGA-1"
"46","D1_GTTCATTGTTCTGAGT-1"
"47","D1_TACGGGCGTGGTCCCA-1"
"48","D1_TATGTTCAGATAGCAT-1"
"49","D1_TCCATGCTCACGAGGA-1"
"50","D1_TCGGGACTCTTCACGC-1"
"51","D1_TCGTCCATCTTCGGAA-1"
"52","D1_TGAACGTCAGTCCGTG-1"
"53","D1_TTACGTTAGCGAGGAG-1"
"54","D1_TTACGTTGTTGCGGAA-1"
"55","D1_TTCAATCGTACGTGAG-1"
"56","D1_TTCGGTCGTCGTCAGC-1"
"57","D1_TTGCCTGCATGATCTG-1"
"58","E1_ACAACCAAGTCGAATA-1"
"59","E1_ACCTGTCTCCACGGAC-1"
"60","E1_ACGGTTACAACCACAT-1"
"61","E1_ACTTTCAGTGTGTCGC-1"
"62","E1_AGAACCTCATTGAAGA-1"
"63","E1_AGACCATAGGGCCAAT-1"
"64","E1_AGTGTTGTCAAGTGTC-1"
"65","E1_ATCCGTCTCTGAGGCC-1"
"66","E1_ATGGAGGCACTCAGAT-1"
"67","E1_CAAGGGATCATTGTGG-1"
"68","E1_CAATACGCAAGCGGAT-1"
"69","E1_CAGGTATAGTATGCAA-1"
"70","E1_CATACCCTCATGAGTC-1"
"71","E1_CCGGTGACAGAGGGTT-1"
"72","E1_CCTACGTGTACAAGTA-1"
"73","E1_CGTTGGGGTGAGCGAT-1"
"74","E1_CTCAACCTCGCCGATG-1"
"75","E1_CTGTGGGGTAGCTGAG-1"
"76","E1_CTTCCGAAGTATGTAG-1"
"77","E1_CTTCCTTAGAGCCGAT-1"
"78","E1_GATAGAACAGCTGTCG-1"
"79","E1_GATCATGGTTGAAGTA-1"
"80","E1_GATGAGGGTTATGACC-1"
"81","E1_GATTCGAGTTGGGAAC-1"
"82","E1_GATTTCTTCTACAGGT-1"
"83","E1_GCAGTTAGTTATCCAG-1"
"84","E1_GGAACCCCACATATGC-1"
"85","E1_GGAAGTGAGTAGCTCT-1"
"86","E1_GGACGTCGTCGAGCAA-1"
"87","E1_GGAGCAATCTTACACT-1"
"88","E1_GGATCTACAGGGATAC-1"
"89","E1_GGGACCTGTAGCTGAG-1"
"90","E1_GGGTGAAAGTCCGCGT-1"
"91","E1_GTGCACGGTATCATGC-1"
"92","E1_GTTACCCAGCAGGCAT-1"
"93","E1_GTTACGACAAAGAGTT-1"
"94","E1_GTTGTGAGTTTGAACC-1"
"95","E1_GTTGTGATCTGAGGTT-1"
"96","E1_TACATTCGTTGGAGAC-1"
"97","E1_TACTTGTGTTTCGGCG-1"
"98","E1_TAGGGTTGTCGTCTCT-1"
"99","E1_TCACATTCAAGTGATA-1"
"100","E1_TCAGTGAAGCAACTCT-1"
"101","E1_TCCATGCAGCCATTGT-1"
"102","E1_TGACAGTTCTAGACAC-1"
"103","E1_TGTGAGTAGCGTTACT-1"
"104","E1_TTACGCCCACTGAGGA-1"
"105","E1_TTGAACGAGGTGTGAC-1"
"106","E1_TTGCTGCAGACCAGAC-1"
"107","E1_TTTACTGCACGCGCAT-1"
"108","F1_AAACCCAAGGGCAGGA-1"
"109","F1_AAAGGATGTCGAGCTC-1"
"110","F1_AAAGTGAAGTGCAACG-1"
"111","F1_AAGACAATCGTAATGC-1"
"112","F1_AAGCGTTCATCTGGGC-1"
"113","F1_AAGTACCGTGACGCCT-1"
"114","F1_ACACGCGTCGTCCATC-1"
"115","F1_ACCCTCAGTGCATCTA-1"
"116","F1_ACCTGTCCAGTATGAA-1"
"117","F1_ACCTGTCGTGATGGCA-1"
"118","F1_ACGTACAGTATCAGGG-1"
"119","F1_ACTATCTAGGGATCGT-1"
"120","F1_AGATCCAGTGCCTGCA-1"
"121","F1_AGCATCAGTGGCAGAT-1"
"122","F1_AGCGCTGTCTGAACGT-1"
"123","F1_AGGGCCTGTTTAAGGA-1"
"124","F1_AGGTAGGAGCGTGCTC-1"
"125","F1_AGGTTGTTCGCCATAA-1"
"126","F1_AGTACTGAGTGTACAA-1"
"127","F1_AGTCTCCAGGCGAAGG-1"
"128","F1_AGTTCGAAGGAACGTC-1"
"129","F1_ATAGAGACAACTTGCA-1"
"130","F1_ATAGGCTTCGTTCGCT-1"
"131","F1_ATCCCTGGTAGATCGG-1"
"132","F1_ATCGCCTGTTCACCGG-1"
"133","F1_ATCTCTATCTTAAGGC-1"
"134","F1_ATTACCTAGGATACCG-1"
"135","F1_ATTACCTGTCGTACAT-1"
"136","F1_ATTACCTTCCCGTTGT-1"
"137","F1_ATTACTCGTTGTAAAG-1"
"138","F1_ATTATCCCACATCCCT-1"
"139","F1_ATTATCCTCGTCGATA-1"
"140","F1_ATTCAGGTCTCGTGGG-1"
"141","F1_ATTTCACTCGGCAGTC-1"
"142","F1_CACTTCGTCATTTGCT-1"
"143","F1_CAGCCAGCATTGCCGG-1"
"144","F1_CATAGACCATCGGAAG-1"
"145","F1_CATGGATCAACTGCTA-1"
"146","F1_CCAATTTGTACCGCGT-1"
"147","F1_CCACAAACAGCGATTT-1"
"148","F1_CCCGGAACAAGCGAAC-1"
"149","F1_CCGATGGGTGGTTTAC-1"
"150","F1_CCTTGTGAGATCCTAC-1"
"151","F1_CGAATTGTCTTTGATC-1"
"152","F1_CGCATAATCGAGCTGC-1"
"153","F1_CGTGATACAGCGCGTT-1"
"154","F1_CTACCTGGTTTGCAGT-1"
"155","F1_CTATAGGAGGCCTGCT-1"
"156","F1_CTATCCGAGGACTTCT-1"
"157","F1_CTCAATTAGCGGTAAC-1"
"158","F1_CTCAGAAGTCGCATGC-1"
"159","F1_CTCAGGGCATCCGGTG-1"
"160","F1_CTCAGTCAGGATGAGA-1"
"161","F1_CTCAGTCGTTGAGAGC-1"
"162","F1_CTCCAACTCGGTAGAG-1"
"163","F1_CTCCCAAGTGTGAATA-1"
"164","F1_CTGCCATTCAATCGGT-1"
"165","F1_CTGCTCATCCTCTCTT-1"
"166","F1_CTGGTCTTCCATCTGC-1"
"167","F1_CTTACCGCACGCGGTT-1"
"168","F1_GACGCTGAGCTTCGTA-1"
"169","F1_GACGCTGCATACCGTA-1"
"170","F1_GAGCCTGGTAGAGACC-1"
"171","F1_GATTCGAGTGGCCTCA-1"
"172","F1_GCCAACGTCAAGTGGG-1"
"173","F1_GCCAGGTCAAGAAATC-1"
"174","F1_GCGAGAATCTGCGTCT-1"
"175","F1_GCGTGCATCTTGTGCC-1"
"176","F1_GGACGTCTCGAGTACT-1"
"177","F1_GGATCTAGTGGCCACT-1"
"178","F1_GGGATCCCACTATCCC-1"
"179","F1_GGGATGACAATACCTG-1"
"180","F1_GGGCGTTAGGGCAGTT-1"
"181","F1_GGGTCACAGCCTGAGA-1"
"182","F1_GGTTGTATCGGATAAA-1"
"183","F1_GTAACCAAGCGAGAAA-1"
"184","F1_GTAGAGGGTCTGCAAT-1"
"185","F1_GTAGGAGTCTGTAAGC-1"
"186","F1_GTCAAGTAGGTGAGCT-1"
"187","F1_GTCAGCGTCGATAACC-1"
"188","F1_GTCGCGATCGCGGACT-1"
"189","F1_GTCGTTCTCGGCCTTT-1"
"190","F1_GTGCTGGAGAAGCCTG-1"
"191","F1_GTGTAACGTCTCTCTG-1"
"192","F1_GTGTTAGCAACGGCCT-1"
"193","F1_GTTCATTAGAAGGTAG-1"
"194","F1_TACCGAACAACCGTGC-1"
"195","F1_TACTTACCAATTGAGA-1"
"196","F1_TAGACTGTCCATTTCA-1"
"197","F1_TATCCTAAGTTACTCG-1"
"198","F1_TATCTTGGTAGTCGGA-1"
"199","F1_TCAGGGCGTGTCTTAG-1"
"200","F1_TCATCCGCAAAGGGCT-1"
"201","F1_TCATGTTTCGTCTAAG-1"
"202","F1_TCGCTCAAGTCTCTGA-1"
"203","F1_TCGCTTGTCGACCATA-1"
"204","F1_TCGGATAAGGATTTCC-1"
"205","F1_TCTCAGCTCCAAGAGG-1"
"206","F1_TGAACGTCACGGAAGT-1"
"207","F1_TGATGGTTCTGGAGAG-1"
"208","F1_TGCATCCTCTCTGCTG-1"
"209","F1_TGCTCGTGTTACTCAG-1"
"210","F1_TGGAGGATCGTAGGGA-1"
"211","F1_TGGGAAGAGGTGCCAA-1"
"212","F1_TGTACAGCAATTGGTC-1"
"213","F1_TGTCCACAGACGAAGA-1"
"214","F1_TGTGCGGGTGCACAAG-1"
"215","F1_TGTTACTGTAGACGTG-1"
"216","F1_TGTTCCGAGGTCGTCC-1"
"217","F1_TGTTGGACAAAGCGTG-1"
"218","F1_TTCAATCAGTCATCGT-1"
"219","F1_TTCTAACTCCAAGGGA-1"
"220","F1_TTCTAGTGTAGACAAT-1"
"221","F1_TTCTTCCCAACTCGAT-1"
"222","F1_TTGCCTGCATATACCG-1"
"223","F1_TTGGGTACACGGGTAA-1"
"224","F1_TTGGGTAGTACGCTAT-1"
"225","F1_TTGTGTTAGAGAACCC-1"
"226","F1_TTGTTGTCATGGCCAC-1"
"227","I1_ACAGCCGGTTTATGCG-1"
"228","I1_ATCCACCAGCACCTGC-1"
"229","I1_GTTGTCCAGAAACACT-1"
"230","I1_TCGGGTGGTGCGTGCT-1"
"231","I1_TGTAGACCAGCAGTTT-1"
"232","I1_TTACCGCCACAACATC-1"
"233","I1_TTATTGCAGAAACTCA-1"
